{"cameraMode":{"drawMode":0,"name":"Shaded","section":"Shading Mode"},"sceneLighting":true,"audioPlay":false,"sceneViewState":{"m_AlwaysRefresh":false,"showFog":true,"showSkybox":true,"showFlares":true,"showImageEffects":true,"showParticleSystems":true,"showVisualEffectGraphs":true,"m_FxEnabled":true},"in2DMode":false,"pivot":{"x":-27.04901885986328,"y":-11.364948272705079,"z":7.3224639892578129},"rotation":{"x":-0.15448150038719178,"y":-0.12208069115877152,"z":0.019242456182837487,"w":-0.9802396893501282},"size":21.605884552001954,"orthographic":false}